,0,1,2,3,4,5,6,7,8,9,10,11,12,13,14,15,16,17,18,19,20,21,22,23,24,25,26,27,28,29,30,35,36,37,38
0,1,1,1,1,1,1,1,1,1,1,1,1,1,1,1,1,1,1,1,1,1,1,1,1,1,1,1,1,1,1,1,1,1,1,1
1,0,0,0,0,0,0,0,0,0,0,0,0,0,0,0,0,0,0,0,0,0,0,0,0,0,0,0,0,1,0,0,0,0,0,0
2,0,0,0,0,0,0,0,0,0,0,0,0,0,0,0,0,0,0,0,0,0,0,0,0,0,0,0,0,1,0,0,0,0,1,0
3,0,0,0,0,0,0,0,0,0,0,0,0,0,0,0,0,0,0,0,0,0,0,0,0,0,0,0,0,0,0,0,0,0,1,0
4,0,0,0,0,0,0,0,0,0,0,0,0,0,0,0,0,0,0,1,0,0,0,0,0,0,0,0,0,1,0,0,0,0,1,0
5,0,0,0,0,0,0,0,0,0,0,0,0,0,0,0,0,0,0,1,0,0,0,0,0,0,1,0,0,1,0,0,0,0,1,1
6,0,0,0,0,0,0,0,0,0,0,0,0,0,0,0,0,0,0,1,0,0,0,0,0,0,1,0,0,0,0,0,0,0,1,1
7,0,0,0,0,0,0,0,0,0,0,0,0,0,0,0,0,0,0,1,1,1,0,0,1,0,0,0,0,0,0,0,0,0,1,1
8,0,0,0,1,0,0,0,0,0,0,0,0,0,0,0,0,0,0,1,1,1,0,0,1,0,0,0,0,0,0,0,0,0,1,1
9,0,0,0,1,0,0,0,0,0,0,0,0,0,0,0,0,0,0,1,0,1,0,0,1,0,0,0,0,0,0,0,0,1,1,1
10,0,0,0,0,0,0,0,0,0,0,0,0,0,0,0,0,0,0,1,0,1,0,0,1,0,0,0,0,0,0,0,0,1,0,1
11,0,0,0,1,0,0,0,0,0,0,0,0,0,0,0,0,0,0,1,0,1,0,0,0,0,0,0,0,0,0,0,1,1,0,1
12,0,0,0,1,0,0,0,0,0,1,0,0,0,0,0,1,0,0,1,0,1,0,0,1,0,0,0,1,0,0,0,0,1,0,1
13,0,0,0,0,0,0,0,0,0,1,0,0,0,0,0,0,0,1,1,0,1,0,0,1,0,0,1,1,0,0,1,1,1,0,1
14,0,0,0,1,0,0,0,0,0,1,0,0,0,0,0,1,0,1,0,0,1,0,1,1,0,0,1,1,0,0,1,1,1,0,1
15,0,0,0,1,0,1,0,1,0,1,0,1,0,0,0,1,0,1,0,0,0,1,1,0,0,0,0,1,1,0,1,1,1,0,1
16,1,0,0,1,0,1,0,1,1,1,0,1,0,0,0,1,0,1,0,0,0,1,1,0,0,0,0,1,1,1,1,1,1,0,1
17,1,0,0,1,1,1,0,1,1,1,0,1,0,0,0,1,1,1,0,0,0,1,0,0,0,0,0,0,0,1,1,1,1,0,1
18,1,1,1,1,1,1,0,1,0,0,0,1,1,1,0,0,1,1,0,0,0,1,0,0,1,0,0,0,0,1,1,1,1,0,1
19,0,1,1,1,1,0,1,1,0,0,1,0,1,1,1,0,1,0,0,0,0,1,0,0,1,0,0,0,0,0,1,1,1,0,1
20,0,0,1,1,0,0,1,1,0,0,1,0,1,0,1,0,1,0,0,0,0,1,0,0,1,0,0,0,0,0,1,1,0,0,1
21,0,0,0,0,0,0,0,0,0,0,0,0,0,0,0,0,0,0,0,0,0,0,0,0,0,0,0,0,0,0,0,0,1,0,0
22,0,0,0,0,0,0,0,0,0,0,0,0,0,0,0,0,0,0,1,0,0,0,0,0,0,0,0,0,1,0,0,0,1,1,0
23,0,0,0,0,0,0,0,0,0,0,0,0,0,0,0,0,0,0,1,0,0,0,0,1,0,0,0,0,1,1,0,1,1,1,1
24,0,0,0,1,0,0,0,0,0,0,0,0,0,0,0,0,0,0,1,0,0,0,0,1,0,0,0,0,1,1,0,1,1,1,1
25,0,0,0,1,0,0,0,0,0,0,0,0,0,0,0,0,0,0,1,0,1,0,0,1,0,1,0,0,1,1,0,1,1,1,1
26,0,0,0,1,0,0,0,0,0,0,0,0,0,0,0,0,0,0,1,0,1,0,0,1,0,1,0,0,1,1,0,1,1,1,1
27,0,0,0,1,0,0,0,1,0,0,0,0,0,0,0,0,0,1,1,1,1,0,0,1,0,1,0,1,1,1,0,1,1,1,1
28,0,0,0,1,0,0,0,1,0,0,0,0,0,0,0,0,0,1,1,1,1,0,0,1,0,0,0,1,1,1,0,1,1,1,1
29,0,0,0,1,0,0,0,1,0,0,0,0,0,0,0,1,0,1,1,1,1,0,0,1,0,0,0,1,1,1,1,1,1,1,1
30,0,0,0,1,0,1,0,1,0,1,0,1,0,0,0,1,0,1,1,1,1,0,1,1,0,0,0,1,1,1,1,1,1,1,1
31,0,0,0,1,0,1,0,1,1,1,0,1,0,0,0,1,1,1,1,1,1,0,1,1,0,0,0,1,1,0,1,1,1,1,1
32,1,0,0,1,1,1,0,1,1,1,0,1,0,0,0,1,1,0,1,1,1,1,1,1,0,0,0,1,1,0,1,1,1,1,1
33,1,0,1,1,1,1,0,1,1,1,0,1,0,0,0,1,1,0,1,1,1,1,1,1,1,0,1,1,1,0,1,1,1,1,1
34,1,1,1,1,1,1,0,1,1,1,0,1,0,0,0,1,1,1,1,1,1,1,0,1,1,0,1,1,1,1,1,1,1,1,1
35,1,1,1,1,1,1,0,1,1,1,1,1,0,0,1,1,1,1,1,1,1,1,1,1,1,0,1,1,1,1,1,1,1,1,1
36,1,1,1,1,1,1,0,1,1,1,1,1,1,1,1,1,1,1,1,1,1,1,1,1,1,0,1,1,1,1,1,1,1,1,1
37,1,1,1,1,1,1,1,1,1,1,1,1,1,1,1,1,1,1,1,1,1,1,1,1,1,0,1,1,1,1,1,1,1,1,1
38,1,1,1,1,1,0,1,1,0,1,1,1,1,1,1,1,1,1,1,1,1,1,1,1,1,0,1,1,1,1,1,1,1,1,1
39,1,1,1,1,1,0,1,1,0,1,1,0,1,1,1,0,1,0,1,1,1,0,1,1,1,0,1,1,1,0,1,1,0,1,1
40,0,1,1,1,1,0,1,1,0,1,1,0,1,0,1,0,1,0,0,1,1,0,0,1,1,0,1,1,1,0,1,1,0,1,1
41,0,0,0,0,0,0,0,0,0,0,0,0,0,0,0,0,0,0,0,0,0,0,0,0,0,0,0,0,0,0,0,0,1,0,0
42,0,0,0,0,0,0,0,0,0,0,0,0,0,0,0,0,0,0,1,0,0,0,0,0,0,0,0,0,0,1,0,0,1,1,1
43,0,0,0,0,0,0,0,0,0,0,0,0,0,0,0,0,0,0,1,0,1,0,0,1,0,0,0,0,0,1,0,1,0,1,1
44,0,0,0,1,0,0,0,0,0,0,0,0,0,0,0,0,0,1,1,1,1,0,0,1,0,0,0,0,0,1,0,1,1,1,1
45,0,0,0,1,0,0,0,1,0,0,0,0,0,0,0,0,0,1,1,1,1,0,0,1,0,0,0,1,0,1,0,1,1,0,1
46,0,0,0,1,0,0,0,1,0,0,0,0,0,0,0,0,0,1,1,1,1,0,0,1,0,1,0,1,0,1,0,1,1,0,1
47,0,0,0,1,0,0,0,1,0,0,0,0,0,0,0,1,1,1,1,1,1,0,0,1,0,1,0,1,0,1,1,1,1,0,1
48,0,0,0,1,0,0,0,1,1,0,0,1,0,0,0,1,0,1,1,1,1,0,1,1,0,1,0,1,0,1,1,1,1,1,1
49,0,0,0,1,1,0,0,1,1,0,0,1,0,0,0,1,1,1,1,1,1,0,1,1,0,1,0,1,0,1,1,1,1,1,1
50,0,1,0,1,1,1,0,1,1,1,0,1,0,0,0,1,1,1,1,1,1,1,1,1,0,1,0,1,1,1,1,1,1,1,1
51,1,1,1,1,1,1,0,1,1,1,1,1,0,0,0,1,1,0,1,1,1,1,1,1,1,1,0,1,1,1,1,1,1,1,1
52,1,1,1,1,1,1,0,1,1,1,1,1,0,0,0,1,1,0,1,1,1,1,1,1,1,0,1,1,1,0,1,1,1,1,1
53,1,1,1,1,1,1,0,1,1,1,1,1,0,0,0,1,1,0,1,1,1,1,1,1,1,0,1,1,1,0,1,1,1,1,1
54,1,1,1,1,1,1,0,1,1,1,1,1,1,0,1,1,1,0,1,1,1,1,1,1,1,0,1,1,1,1,1,0,1,1,1
55,1,1,1,1,1,1,1,1,1,1,1,1,1,1,1,1,1,1,1,1,1,1,1,1,1,0,1,1,1,1,1,0,1,1,1
56,1,1,1,1,1,1,1,1,1,1,1,1,1,1,1,1,1,1,1,1,1,1,1,1,1,0,1,1,1,1,1,0,1,1,1
57,1,1,1,1,1,0,1,1,1,1,1,1,1,1,1,1,1,1,1,1,1,0,1,1,1,0,1,1,1,1,1,0,1,1,1
58,1,1,1,1,1,0,1,1,0,1,1,1,1,1,1,0,1,0,1,1,1,0,1,1,1,0,1,1,1,1,0,0,1,1,1
59,1,1,1,1,1,0,1,1,0,1,1,0,1,1,1,0,1,0,1,1,1,0,1,1,1,0,1,1,1,0,0,0,0,1,1
60,0,1,1,1,0,0,0,1,0,1,0,0,0,0,1,0,0,0,0,1,1,0,0,1,1,0,1,1,1,0,1,0,0,1,1
61,0,0,0,0,0,0,0,0,0,0,0,0,0,0,0,0,0,0,0,1,0,0,0,0,0,0,0,0,0,0,0,0,0,1,0
62,0,0,0,0,0,0,0,0,0,0,0,0,0,0,0,0,0,0,1,1,1,0,0,1,0,0,0,0,0,1,0,1,0,1,1
63,0,0,0,0,0,0,0,0,0,0,0,0,0,0,0,0,0,0,1,1,1,0,1,0,0,0,0,0,0,1,0,1,0,0,1
64,0,0,0,1,0,0,0,1,0,0,0,0,0,0,0,0,0,1,1,1,1,0,1,0,0,0,0,1,0,1,0,1,0,0,1
65,0,0,0,1,1,0,0,1,0,0,0,0,0,0,0,1,1,1,1,1,1,0,1,1,0,1,0,1,0,1,0,1,0,0,1
66,0,0,0,1,1,0,0,1,1,1,0,1,0,0,0,1,1,1,1,1,1,0,1,1,0,1,0,1,0,1,1,0,1,0,1
67,1,0,1,1,1,0,0,1,1,1,0,1,0,0,0,1,1,1,1,1,1,0,1,1,1,1,0,1,0,1,1,0,1,0,1
68,1,1,1,1,1,0,0,1,1,1,0,1,0,0,0,1,1,1,1,1,1,1,1,1,1,1,0,1,0,1,1,0,0,1,1
69,1,1,1,1,1,1,0,1,1,1,1,1,0,0,0,0,1,1,1,1,0,1,1,1,1,1,0,1,0,1,1,0,1,1,1
70,1,1,1,1,1,1,0,1,1,1,1,1,0,0,0,1,1,0,1,1,1,1,1,1,1,1,1,1,0,1,0,0,1,1,1
71,1,1,0,1,1,1,0,1,1,1,1,1,0,0,0,1,1,0,1,1,1,1,1,1,1,1,1,1,1,1,0,1,1,0,1
72,1,1,1,1,1,1,1,1,1,1,1,1,0,0,1,1,1,0,1,1,1,1,1,1,1,1,1,1,1,0,0,1,1,0,1
73,1,1,1,1,1,1,1,1,1,1,1,1,0,1,1,1,1,0,1,1,1,1,1,1,1,1,1,1,1,0,0,1,1,0,1
74,1,1,1,1,1,1,1,1,0,1,1,1,1,1,1,1,1,0,1,1,1,1,1,1,1,1,1,1,1,1,0,0,0,0,1
75,1,1,1,1,1,1,1,1,0,0,1,1,1,1,1,0,1,0,1,1,1,0,1,1,1,0,1,1,1,1,1,0,0,0,1
76,1,1,1,1,1,0,1,1,0,0,1,0,1,1,1,0,1,0,1,1,1,0,1,1,1,0,1,1,1,0,1,0,0,0,1
77,0,1,1,1,1,0,1,1,0,0,1,0,1,1,1,0,1,0,1,1,1,0,1,1,1,0,1,1,0,0,1,0,0,0,1
78,0,1,1,1,0,0,1,1,0,0,1,0,1,0,1,0,0,0,1,1,1,0,1,1,1,0,1,1,0,0,0,0,0,0,1
79,0,1,0,1,0,0,0,0,0,0,0,0,0,0,1,0,0,0,1,1,1,0,0,1,1,0,0,1,0,0,0,0,0,1,1
80,0,1,0,1,0,0,0,0,0,0,0,0,0,0,0,0,0,0,0,1,1,0,0,1,0,0,0,0,0,0,0,0,0,1,1
81,0,0,0,0,0,0,0,0,0,0,0,0,0,0,0,0,0,0,1,1,0,0,0,0,0,0,0,0,0,0,0,0,0,1,1
82,0,0,0,1,0,0,0,0,0,0,0,0,0,0,0,0,0,1,1,1,1,0,0,1,0,0,0,0,0,0,0,1,0,1,1
83,0,0,0,1,0,0,0,1,0,1,0,0,0,0,0,0,0,1,1,1,1,0,1,1,0,0,0,1,0,1,1,1,0,0,1
84,0,0,0,1,1,0,0,1,0,1,0,0,0,0,0,0,0,1,1,1,1,0,1,0,0,1,1,1,0,1,1,1,0,0,1
85,1,0,1,1,1,0,0,1,0,1,0,1,0,0,0,1,1,1,0,1,1,0,1,0,1,1,1,1,0,1,1,0,0,0,0
86,1,0,1,1,1,0,0,1,1,1,1,1,0,0,1,1,1,1,0,0,0,1,1,0,1,1,1,1,0,1,1,0,0,0,0
87,1,0,1,1,1,0,0,1,1,1,1,1,0,0,1,1,1,0,0,0,0,1,1,0,1,1,1,0,1,1,1,0,0,0,0
88,1,1,1,1,1,1,0,1,1,1,1,1,0,0,1,0,1,0,1,0,0,1,1,0,1,1,1,0,1,1,0,0,0,0,0
89,1,1,1,1,1,1,0,1,1,1,1,1,0,0,1,0,1,0,1,0,0,1,1,0,1,1,1,0,1,1,0,0,0,1,0
90,1,1,0,1,1,1,0,0,1,0,1,1,0,1,1,1,1,0,1,0,0,1,1,0,1,1,1,0,1,1,0,0,1,1,0
91,1,1,1,1,1,1,1,0,1,1,1,1,0,1,1,1,1,0,1,0,0,1,1,1,0,1,1,0,1,0,0,1,1,0,1
92,1,1,1,1,1,1,1,0,1,1,1,1,0,1,1,1,1,0,1,1,0,1,1,1,0,1,1,0,1,0,0,1,1,0,1
93,1,1,1,1,1,1,1,1,0,1,1,1,1,1,1,1,1,0,0,1,0,1,0,1,1,1,1,1,1,0,0,1,0,0,1
94,1,1,0,1,1,1,1,1,0,0,1,1,1,1,1,0,1,0,0,1,0,0,0,1,1,1,1,1,1,1,0,0,0,0,1
95,0,1,0,0,1,0,1,1,0,0,1,0,1,1,1,0,1,0,0,1,0,0,0,1,1,1,1,0,1,0,1,0,0,0,0
96,0,1,0,0,0,0,1,1,0,0,1,0,1,1,1,0,0,0,0,1,0,0,0,1,1,1,0,0,0,0,1,0,0,0,0
97,0,1,0,0,0,0,0,0,0,0,1,0,1,1,1,0,0,0,0,0,0,0,0,1,1,1,0,0,0,0,1,0,0,0,0
98,0,0,0,0,0,0,0,0,0,0,1,0,0,0,0,0,0,0,0,0,0,0,0,1,1,1,0,0,0,0,0,0,0,0,0
99,0,0,0,0,0,0,0,0,0,0,0,0,0,0,0,0,0,0,0,0,0,0,0,0,0,1,0,0,0,0,0,0,0,0,0
100,0,0,0,0,0,0,0,0,0,0,0,0,0,0,0,0,0,0,0,0,0,0,0,0,0,1,0,0,0,0,0,0,0,0,0
101,0,0,0,1,0,0,0,0,0,0,0,0,0,0,0,0,0,0,1,1,0,0,0,1,0,0,0,0,0,0,0,0,0,1,1
102,1,0,0,1,0,0,0,1,0,1,0,0,0,0,0,0,0,1,1,1,1,0,0,1,0,0,0,1,0,0,1,1,0,1,1
103,1,0,0,1,1,0,0,1,0,1,0,0,0,0,0,0,0,1,1,1,1,0,0,1,1,1,1,1,0,1,1,1,0,1,1
104,0,0,1,1,1,0,0,1,1,1,0,1,0,0,1,0,1,1,1,1,1,0,1,0,1,1,1,1,0,0,1,1,0,0,0
105,1,0,1,1,1,0,0,1,1,1,1,1,0,0,1,1,1,1,0,1,0,0,1,0,1,1,1,0,1,1,1,0,0,0,0
106,1,0,1,1,1,1,0,1,1,1,1,1,0,0,1,1,1,1,0,1,0,1,1,0,1,0,1,0,1,1,0,0,0,0,0
107,1,1,1,1,1,1,0,1,0,1,1,1,0,0,1,1,1,0,0,0,0,1,0,0,0,0,1,0,1,1,0,0,0,0,0
108,1,1,1,0,0,1,0,0,0,1,1,1,0,1,1,1,1,0,1,0,0,1,0,0,0,0,1,0,1,1,0,0,0,0,0
109,1,1,1,0,0,1,1,0,0,0,1,1,0,1,1,0,1,0,1,0,0,1,0,0,0,0,1,0,1,1,0,0,0,1,0
110,1,1,0,0,0,1,1,0,0,0,1,1,0,1,1,1,0,0,1,0,0,0,1,0,0,0,1,0,0,1,0,0,1,1,0
111,1,1,1,0,0,1,1,0,1,1,1,1,0,1,1,1,0,0,1,0,0,0,1,0,1,0,0,0,0,1,0,1,1,0,1
112,0,1,1,1,0,1,1,0,1,1,1,1,1,1,1,0,0,0,1,0,0,1,1,1,1,1,0,0,0,0,0,1,1,0,1
113,0,1,0,1,1,1,1,1,0,1,0,1,1,1,1,1,1,0,0,1,0,1,0,1,1,1,1,1,0,0,0,1,0,0,1
114,0,1,0,1,1,1,1,1,0,0,0,1,1,0,1,0,1,0,0,1,0,0,0,1,1,1,1,1,1,0,0,0,0,0,1
115,0,0,0,0,1,0,1,1,0,0,0,0,1,1,1,0,1,0,0,1,0,0,0,1,1,1,1,0,1,0,1,0,0,0,0
116,0,0,0,0,0,0,0,1,0,0,1,0,1,1,0,0,0,0,0,0,0,0,0,0,1,1,0,0,1,0,1,0,0,0,0
117,0,0,0,0,0,0,0,0,0,0,1,0,0,1,0,0,0,0,0,0,0,0,0,0,0,1,0,0,0,0,1,0,0,0,0
118,0,0,0,0,0,0,0,0,0,0,0,0,0,0,0,0,0,0,0,0,0,0,0,0,0,1,0,0,0,0,0,0,0,0,0
119,0,0,0,0,0,0,0,0,0,0,0,0,0,0,0,0,0,0,0,0,0,0,0,0,0,1,0,0,0,0,0,0,0,0,0
120,0,0,0,0,0,0,0,0,0,0,0,0,0,0,0,0,0,0,0,0,0,0,0,0,0,1,0,0,0,0,0,0,0,0,0
121,1,0,0,1,0,0,0,0,0,1,0,0,0,0,1,0,0,1,1,0,1,0,0,1,0,0,0,0,0,1,0,1,0,1,1
122,1,0,1,1,1,0,0,1,0,1,1,0,0,0,1,0,0,1,1,0,1,0,0,1,1,1,0,1,0,1,1,1,1,1,1
123,1,0,1,1,1,0,0,1,1,1,1,0,0,0,1,0,1,1,1,0,1,0,1,1,1,1,0,1,0,1,1,1,1,1,1
124,0,0,1,1,1,0,0,1,1,1,1,1,0,0,1,0,1,1,1,1,0,0,1,1,1,1,1,0,1,1,1,0,0,0,1
125,1,0,1,0,1,1,0,1,1,0,1,1,0,0,1,1,1,0,0,1,0,0,1,0,1,0,1,0,1,1,0,0,0,0,0
126,1,1,1,0,1,1,0,1,0,0,1,1,0,0,1,1,1,0,0,1,0,1,0,0,1,0,1,0,1,1,0,0,0,0,0
127,1,1,0,0,0,1,0,0,0,0,1,1,0,0,1,1,1,0,0,1,0,1,0,0,0,0,1,0,1,0,0,0,0,0,0
128,0,1,0,0,0,1,1,0,0,0,1,1,0,1,1,0,1,0,1,1,0,1,0,0,0,0,1,0,1,0,0,0,0,0,0
129,0,1,0,0,0,1,1,0,0,0,0,1,0,1,1,0,0,0,1,1,0,0,0,0,0,0,0,0,0,0,0,0,0,0,0
130,1,1,0,0,0,1,1,0,0,0,0,1,0,1,1,1,0,0,1,0,0,0,1,0,1,0,0,0,0,0,0,0,1,1,0
131,1,0,0,0,0,0,1,0,1,1,0,1,1,0,1,1,0,0,1,0,0,0,1,0,1,0,0,0,0,1,0,1,1,0,1
132,0,1,0,1,1,0,1,0,0,1,0,0,1,0,1,0,0,1,1,0,1,1,1,1,1,1,0,0,0,1,0,1,1,1,1
133,0,1,0,1,1,1,1,1,0,1,0,0,1,0,1,0,1,1,0,1,1,1,0,1,1,1,0,1,0,0,0,1,0,0,1
134,0,1,0,1,1,1,1,1,0,0,0,0,1,0,1,0,1,0,0,1,1,0,0,1,1,0,1,1,1,0,0,0,0,0,1
135,0,1,0,0,1,1,1,1,0,0,1,0,0,1,0,0,1,0,0,1,0,0,0,1,1,1,1,0,1,0,1,0,0,0,0
136,0,0,0,0,0,0,0,0,0,0,1,0,1,1,0,0,0,0,0,0,0,0,0,0,0,1,0,0,1,0,1,0,0,0,0
137,0,0,0,0,0,0,0,0,0,0,1,0,0,1,0,0,0,0,0,0,0,0,0,0,0,1,0,0,0,0,1,0,0,0,0
138,0,0,0,0,0,0,0,0,0,0,0,0,0,0,0,0,0,0,0,0,0,0,0,0,0,1,0,0,0,0,0,0,0,0,0
139,0,0,0,0,0,0,0,0,0,0,0,0,0,0,0,0,0,0,0,0,0,0,0,0,0,1,0,0,0,0,0,0,0,0,0
140,0,0,0,0,0,0,0,0,0,0,0,0,0,0,0,0,0,0,0,0,0,0,0,0,0,1,0,0,0,0,0,0,0,0,0
141,1,0,1,1,0,0,0,0,0,1,0,0,0,0,1,0,0,1,1,0,1,0,0,1,0,0,0,1,0,1,1,1,0,0,1
142,1,0,1,1,1,0,0,1,1,1,1,0,0,0,1,0,1,1,1,0,1,0,1,1,1,1,0,1,0,1,1,1,1,1,1
143,1,0,1,1,1,1,0,1,1,1,1,1,0,0,1,1,1,1,1,0,1,0,1,1,1,1,1,0,0,1,1,1,1,1,1
144,0,0,1,1,1,1,0,1,0,0,1,1,0,0,1,1,1,0,1,0,0,0,1,1,1,0,1,0,1,1,0,0,0,1,1
145,1,1,1,0,0,1,0,1,0,0,1,1,0,1,1,1,1,0,0,1,0,1,0,0,1,0,1,0,1,1,0,0,0,0,1
146,1,1,1,0,0,1,1,0,0,0,1,1,0,1,1,1,0,0,0,1,0,1,0,0,1,0,1,0,1,0,0,0,0,0,1
147,0,1,0,0,0,1,1,0,0,0,1,1,0,1,1,0,0,0,0,1,0,1,0,0,1,0,0,0,1,0,0,0,0,0,0
148,0,1,0,0,0,1,1,0,0,0,1,1,0,1,1,0,0,0,1,1,0,0,0,0,1,0,0,0,0,0,0,0,0,0,0
149,1,1,0,0,0,0,1,0,0,0,0,1,0,1,0,0,0,0,1,1,0,0,0,0,1,0,0,0,0,0,0,0,0,0,0
150,1,1,0,0,0,0,1,0,0,0,0,0,1,0,0,0,0,0,1,1,0,0,0,0,1,0,0,0,0,0,0,0,0,1,0
151,1,0,0,0,0,0,1,0,1,1,0,0,1,0,0,1,0,0,1,0,0,0,1,0,1,0,0,0,0,1,0,1,1,0,1
152,0,1,0,1,1,0,0,0,0,1,0,0,1,0,0,1,0,1,1,0,1,1,1,1,1,1,0,0,0,1,0,1,1,1,1
153,0,1,0,1,1,1,0,1,0,1,0,0,1,0,1,0,1,1,0,1,1,1,1,1,0,1,0,1,0,0,0,1,1,0,1
154,0,1,0,1,1,1,1,1,0,0,0,0,0,0,1,0,1,0,0,1,1,0,0,1,0,0,1,1,1,0,0,0,0,0,1
155,0,1,0,0,0,1,1,1,0,0,1,0,0,1,0,0,0,0,0,1,0,0,0,1,0,0,1,0,1,0,1,0,0,0,0
156,0,0,1,0,0,0,0,0,0,0,1,0,1,1,0,0,0,0,0,0,0,0,0,0,0,0,0,0,1,0,1,0,0,0,0
157,0,0,1,0,0,0,0,0,0,0,1,0,1,1,0,0,0,0,0,0,0,0,0,0,0,0,0,0,1,0,1,0,0,0,0
158,0,0,0,0,0,0,0,0,0,0,0,0,0,0,0,0,0,0,0,0,0,0,0,0,0,0,0,0,0,0,0,0,0,0,0
159,0,0,0,0,0,0,0,0,0,0,0,0,0,0,0,0,0,0,0,0,0,0,0,0,0,0,0,0,0,0,0,0,0,0,0
160,0,0,0,0,0,0,0,0,0,0,0,0,0,0,0,0,0,0,0,0,0,0,0,0,0,0,0,0,0,0,0,0,0,0,0
161,0,0,1,1,0,0,0,1,0,1,1,0,0,0,1,0,1,1,1,0,1,0,0,1,1,1,0,1,0,1,1,0,0,0,1
162,1,0,1,1,1,1,0,1,1,1,1,1,0,1,1,1,1,1,1,0,1,0,1,1,1,1,0,0,1,1,1,1,1,1,1
163,1,0,1,1,1,1,0,1,1,1,1,1,0,1,1,1,1,1,1,0,0,0,1,1,1,1,1,0,1,1,1,1,1,1,1
164,0,1,1,1,0,1,0,1,0,1,1,1,0,1,1,1,1,0,1,0,0,1,0,1,1,0,1,0,1,0,0,0,1,1,1
165,0,1,1,1,0,1,1,0,0,0,0,1,0,1,1,0,1,0,0,0,0,1,0,0,1,0,1,0,1,0,0,0,1,1,1
166,0,1,1,1,0,0,1,0,0,0,0,1,0,1,1,0,0,0,0,0,0,1,0,0,1,0,0,0,0,0,0,0,0,1,1
167,0,1,1,0,0,0,1,0,0,0,0,1,0,0,1,0,0,0,0,1,0,0,0,0,1,0,0,0,0,0,0,0,0,0,0
168,0,1,0,0,0,0,0,0,0,0,0,0,0,0,1,0,0,0,0,1,0,0,0,0,1,0,0,0,0,0,0,0,0,0,0
169,1,0,0,0,0,0,0,0,0,0,0,0,1,0,0,0,0,0,1,1,0,0,0,0,1,0,0,0,0,0,0,0,0,0,0
170,1,0,0,0,0,0,0,0,1,0,0,0,1,0,0,0,0,0,1,1,0,0,0,0,1,0,0,0,0,0,0,0,0,1,0
171,1,0,0,0,0,0,0,0,1,1,0,0,1,0,0,1,0,0,1,1,0,0,0,0,1,0,0,0,0,1,0,1,0,1,1
172,0,0,0,1,1,0,0,0,0,1,0,0,1,0,0,0,0,1,1,1,1,1,1,1,1,1,0,0,0,0,0,1,1,1,1
173,0,1,0,1,1,1,0,1,0,1,0,1,0,0,1,0,1,1,0,1,1,1,1,1,0,1,0,1,0,0,0,1,1,0,1
174,0,1,0,1,1,1,1,1,0,0,1,1,0,0,1,0,1,0,0,1,1,0,0,1,0,0,1,1,0,0,0,0,1,0,1
175,0,1,1,0,0,0,1,1,0,0,1,0,1,1,1,0,0,0,0,1,0,0,0,1,0,0,1,0,1,0,1,0,0,0,0
176,0,1,1,0,0,0,0,0,0,0,1,0,1,1,0,0,0,0,0,0,0,0,0,0,0,0,0,0,1,0,1,0,0,0,0
177,0,0,1,0,0,0,0,0,0,0,1,0,1,1,0,0,0,0,0,0,0,0,0,0,0,0,0,0,1,0,0,0,0,0,0
178,0,0,0,0,0,0,0,0,0,0,0,0,0,0,0,0,0,0,0,0,0,0,0,0,0,0,0,0,0,0,0,0,0,0,0
179,0,0,0,0,0,0,0,0,0,0,0,0,0,0,0,0,0,0,0,0,0,0,0,0,0,0,0,0,0,0,0,0,0,0,0
180,0,0,0,0,0,0,0,0,0,0,0,0,0,0,0,0,0,0,0,0,0,0,0,0,0,0,0,0,0,0,0,0,0,0,0
181,0,0,0,0,1,1,0,1,1,1,1,0,0,1,1,1,1,1,1,0,1,0,0,1,1,1,0,1,1,1,0,0,0,0,0
182,1,1,1,1,1,1,0,1,1,1,1,1,0,1,1,1,1,1,1,0,1,0,1,1,1,1,1,1,1,1,1,1,1,0,1
183,1,1,1,1,1,1,0,1,1,1,1,1,0,1,1,1,1,1,1,0,0,1,1,1,1,1,1,0,1,1,1,1,1,0,1
184,1,1,1,1,0,1,1,1,0,1,1,1,0,1,1,1,1,0,1,0,0,1,0,1,1,0,1,0,1,0,1,1,1,1,1
185,0,1,1,1,0,0,1,1,0,1,1,1,0,1,1,0,1,0,0,0,0,1,0,0,1,0,0,0,0,0,1,0,1,1,1
186,0,1,1,1,0,0,1,0,0,1,1,0,0,1,1,0,1,0,0,0,0,0,0,0,1,0,0,0,0,0,1,0,1,1,1
187,0,0,1,1,0,0,1,0,0,1,0,0,1,0,1,0,1,0,0,0,0,0,0,0,1,0,0,0,0,0,1,0,0,1,1
188,0,0,1,1,0,0,0,0,0,0,0,0,1,0,1,0,1,0,0,1,0,0,0,0,1,0,0,0,0,0,0,0,0,1,0
189,1,0,1,0,0,0,0,0,0,0,0,0,1,0,1,0,1,0,1,1,0,0,0,0,1,0,0,0,0,0,0,0,0,0,0
190,1,0,1,0,0,0,0,0,1,0,0,0,1,0,1,0,0,0,1,1,0,0,0,0,0,0,0,0,0,1,0,0,0,1,0
191,1,0,0,0,0,0,0,0,1,1,0,0,0,0,0,1,0,0,1,1,0,0,0,0,0,0,0,0,0,1,0,1,0,1,1
192,0,0,0,1,1,0,0,0,0,1,0,0,0,0,0,1,1,1,1,1,1,1,1,1,1,1,0,0,0,0,0,1,1,1,1
193,0,0,0,1,1,1,0,1,0,1,0,1,0,0,1,0,1,1,0,1,1,0,1,1,1,1,0,1,0,0,0,1,1,0,1
194,0,1,0,1,1,1,1,1,0,0,1,1,0,0,1,0,1,0,0,1,1,0,0,1,0,0,1,0,0,0,0,0,1,0,1
195,0,1,1,0,0,0,1,1,0,0,1,0,1,1,1,0,0,0,0,1,0,0,0,1,0,0,1,0,0,0,1,0,0,0,0
196,0,1,1,0,0,0,0,0,0,0,1,0,1,1,0,0,0,0,0,0,0,0,0,0,0,0,0,0,1,0,1,0,0,0,0
197,0,0,1,0,0,0,0,0,0,0,0,0,1,1,0,0,0,0,0,0,0,0,0,0,0,0,0,0,1,0,0,0,0,0,0
198,0,0,0,0,0,0,0,0,0,0,0,0,0,0,0,0,0,0,0,0,0,0,0,0,0,0,0,0,1,0,0,0,0,0,0
199,0,0,0,0,0,0,0,0,0,0,0,0,1,0,0,0,0,0,0,0,0,0,0,0,0,0,0,0,0,0,0,0,0,0,0
200,0,0,0,0,0,0,0,0,0,0,0,0,0,0,0,0,0,0,0,0,0,0,0,0,0,0,0,0,0,0,0,0,0,0,0
201,0,0,0,0,1,1,0,1,1,0,1,1,0,0,0,1,1,1,1,0,1,0,1,1,1,1,1,1,1,0,0,0,0,0,0
202,1,1,0,0,1,1,1,1,1,1,1,1,0,1,0,1,1,1,1,0,1,0,1,1,1,1,1,1,1,1,0,1,0,0,1
203,1,1,0,1,0,1,1,1,1,1,1,1,0,1,1,1,1,1,1,0,1,1,1,1,1,1,1,1,1,1,1,1,1,0,1
204,1,1,1,1,0,1,1,1,0,1,1,1,0,1,1,1,1,1,1,0,0,1,0,1,1,1,0,1,1,1,1,1,1,0,1
205,1,1,1,1,0,1,1,1,0,1,1,1,0,1,1,1,1,1,0,0,0,0,0,0,0,0,0,1,0,1,1,0,1,1,1
206,0,0,1,1,0,1,0,1,0,1,1,1,1,1,1,1,1,0,0,0,0,0,0,0,0,0,0,0,0,0,1,0,1,1,1
207,0,0,1,1,0,1,0,0,0,1,1,0,1,1,1,1,1,0,0,0,0,0,0,0,0,0,0,0,0,0,1,0,1,1,1
208,0,0,1,1,0,1,0,0,0,1,1,0,1,1,1,1,1,0,0,0,0,0,0,0,0,0,0,0,0,0,1,0,1,1,1
209,1,0,1,1,0,1,0,0,0,0,1,0,1,1,1,1,1,0,0,1,0,0,0,0,0,0,0,0,0,0,1,0,0,0,1
210,1,0,1,1,0,0,0,0,1,0,0,0,0,0,1,1,1,0,1,1,0,0,0,0,0,0,0,0,0,1,0,0,0,1,1
211,1,0,1,0,1,0,0,0,1,1,0,0,0,0,1,1,1,0,1,1,0,0,0,0,0,0,0,0,0,1,0,0,0,1,0
212,0,0,1,1,1,1,0,1,0,1,0,1,0,0,1,1,1,1,1,1,1,1,0,1,1,1,0,0,0,0,0,1,1,1,1
213,0,0,0,1,1,1,0,1,0,1,0,1,0,0,1,1,1,1,0,1,1,0,1,1,1,1,0,1,0,0,0,1,1,0,1
214,0,1,1,0,0,1,1,1,0,0,1,1,1,0,1,1,1,0,0,1,1,0,0,1,0,0,1,0,0,0,0,0,1,0,1
215,0,1,1,0,0,0,1,1,0,0,1,0,1,1,1,0,1,0,0,1,0,0,0,1,0,0,1,0,0,0,1,0,1,0,0
216,0,1,1,0,0,0,0,0,0,0,1,0,1,1,1,0,1,0,0,0,0,0,0,0,1,0,0,0,0,0,1,0,0,0,0
217,0,0,1,0,0,0,0,0,0,0,0,0,1,0,0,0,1,0,0,0,0,0,0,0,0,0,0,0,1,0,0,0,0,0,0
218,0,0,0,0,0,0,0,0,0,0,0,0,1,0,0,0,1,0,0,0,0,0,0,0,0,0,0,0,1,0,0,0,0,0,0
219,0,0,0,0,0,0,0,0,0,0,0,0,1,0,0,0,1,0,0,0,0,0,0,0,0,0,0,0,0,0,0,0,0,0,0
220,0,0,0,0,0,0,0,0,0,0,0,0,1,0,0,0,1,0,0,0,0,0,0,0,0,0,0,0,0,0,0,0,0,0,0
221,0,1,0,0,1,1,0,0,0,0,0,1,0,0,0,1,1,1,1,0,1,0,1,1,1,0,1,0,1,0,0,0,0,0,0
222,0,1,0,0,1,1,1,1,1,0,1,1,0,0,0,1,1,1,1,0,1,1,1,1,1,1,1,1,1,1,0,1,0,0,0
223,1,1,0,0,0,1,1,1,1,0,1,1,0,0,0,1,1,1,1,0,1,1,0,1,1,1,1,1,1,1,0,1,0,0,1
224,1,1,0,1,0,1,1,1,0,1,1,1,0,0,0,1,1,1,1,0,1,1,0,1,0,1,0,1,0,1,1,1,1,0,1
225,1,1,0,1,0,1,0,1,0,1,1,1,1,0,0,1,1,1,0,0,1,0,0,1,0,1,0,1,0,1,1,0,1,0,1
226,1,1,0,1,0,1,0,1,0,1,1,1,1,0,1,1,1,1,0,0,0,0,0,0,0,1,0,1,0,1,1,0,1,0,1
227,0,1,1,1,0,1,0,1,0,1,1,1,1,1,1,1,1,1,0,0,0,0,0,0,0,0,0,1,0,1,1,0,1,1,1
228,0,1,1,1,0,1,0,0,0,1,1,1,1,1,1,1,1,1,0,0,0,0,0,0,0,0,0,0,0,1,1,0,1,1,1
229,1,1,1,1,0,1,0,0,0,1,1,1,1,1,1,1,1,0,0,0,0,0,0,0,0,0,0,0,0,0,1,0,1,1,1
230,1,1,1,1,0,1,0,0,0,1,1,0,0,1,1,1,1,0,1,0,0,0,0,0,0,0,0,0,0,1,1,0,0,1,1
231,1,1,1,1,1,1,0,0,1,1,1,1,0,1,1,1,1,1,1,0,0,0,0,0,0,0,0,0,0,1,1,0,0,1,1
232,0,1,1,1,1,1,0,1,0,1,0,1,0,1,1,1,1,1,1,1,1,1,0,1,1,1,0,1,0,0,1,0,0,1,1
233,0,1,1,1,1,1,0,1,0,1,1,1,0,0,1,1,1,1,0,1,1,0,0,1,1,1,0,1,0,0,0,0,1,0,1
234,0,1,1,1,0,1,0,1,0,0,1,1,1,0,1,1,1,0,0,1,0,0,0,1,0,0,1,0,0,0,1,0,1,0,1
235,0,1,1,0,0,1,1,0,0,0,1,0,1,1,1,1,1,0,0,1,0,0,0,1,0,0,1,0,0,0,1,0,1,0,0
236,0,1,1,0,0,1,1,0,0,0,1,0,1,1,1,1,1,0,0,1,0,0,0,0,1,0,0,0,0,1,0,0,1,0,0
237,1,1,1,0,0,0,0,0,0,0,0,0,1,0,1,1,1,0,0,1,1,1,0,0,0,0,0,0,1,1,0,0,1,0,0
238,1,1,0,0,0,0,0,0,0,0,0,0,1,0,0,1,1,0,0,0,1,1,1,1,0,0,0,0,1,1,0,0,0,0,0
239,1,1,0,0,0,0,0,0,0,0,0,0,1,0,0,1,1,0,0,0,1,1,1,1,1,0,0,0,1,1,0,0,0,0,0
240,1,0,0,0,0,0,0,0,0,0,0,0,1,0,0,1,1,0,0,0,1,1,1,1,1,0,0,0,0,1,0,0,0,0,0
241,0,1,0,0,1,0,0,0,0,0,0,1,0,0,0,0,0,0,1,0,0,0,1,0,0,0,1,0,1,0,0,0,0,0,0
242,0,1,0,0,1,1,1,1,1,0,0,1,0,0,0,0,0,1,1,0,1,1,1,1,1,0,1,0,1,0,0,1,0,0,0
243,1,1,0,0,0,1,1,1,1,0,0,1,0,0,0,0,0,1,1,0,1,1,0,1,1,0,1,1,1,1,0,1,0,0,0
244,1,1,0,0,0,1,0,1,1,0,1,1,1,0,0,0,0,1,1,0,1,0,0,1,1,1,1,1,1,1,0,1,0,0,1
245,1,1,0,0,0,1,0,1,0,0,1,1,1,0,0,0,0,1,1,0,1,0,0,1,0,1,1,1,1,1,0,1,0,0,1
246,1,1,0,1,0,1,0,1,0,1,1,1,1,0,0,0,1,1,1,0,1,0,0,1,0,1,1,1,1,1,0,0,1,0,1
247,1,1,0,1,0,1,0,1,0,1,1,1,1,0,0,0,1,1,1,0,1,0,0,1,0,1,1,1,0,1,0,0,1,0,1
248,1,1,1,1,0,1,0,1,0,1,1,1,1,0,1,0,1,1,1,0,1,0,0,1,0,1,1,1,0,1,1,0,1,0,1
249,1,1,1,1,0,1,0,1,0,1,1,1,0,0,1,1,1,1,0,0,1,0,0,1,0,1,0,1,0,1,1,0,1,1,1
250,1,1,1,1,0,1,0,0,0,1,1,1,0,1,1,0,1,1,0,0,1,0,0,1,0,0,0,1,0,1,1,0,1,1,1
251,1,1,1,1,1,1,0,0,1,1,1,1,0,1,1,1,1,1,0,0,1,0,0,1,0,0,0,1,0,1,1,0,1,1,1
252,1,1,1,1,1,1,0,1,0,1,1,1,0,1,1,1,1,1,0,1,1,1,0,1,1,1,0,1,0,1,1,0,1,1,1
253,1,1,1,1,1,1,0,1,0,1,1,1,1,1,1,1,1,1,0,1,1,1,0,1,1,1,0,1,0,1,1,0,1,1,1
254,1,1,1,1,0,1,0,1,0,1,1,1,1,1,1,1,1,1,0,1,1,1,0,1,0,0,1,1,0,1,1,0,1,1,1
255,1,1,1,1,0,1,1,0,0,0,1,0,1,1,1,1,1,1,0,1,1,1,0,1,0,0,1,1,0,1,1,0,1,1,1
256,1,1,1,0,1,1,1,0,0,0,1,0,1,1,1,1,1,1,0,1,1,1,1,1,1,0,0,1,0,1,0,0,1,0,1
257,1,1,1,0,1,1,0,0,0,0,0,0,1,0,1,1,1,1,0,1,1,1,1,1,1,0,0,1,1,1,0,0,1,0,1
258,1,1,1,0,1,1,0,0,0,0,0,0,1,0,1,1,1,1,0,1,1,1,1,1,1,0,0,1,1,1,0,1,1,0,1
259,1,1,1,0,1,0,0,0,0,0,0,0,1,0,0,1,1,0,0,0,1,1,1,1,1,0,0,0,1,1,0,1,0,0,0
260,1,1,0,0,1,0,0,0,0,0,0,1,0,0,0,1,1,1,0,0,1,1,1,1,1,0,0,1,0,1,0,0,0,0,0
261,0,1,0,0,1,0,1,0,0,0,0,0,0,0,0,0,0,0,0,0,0,1,1,0,0,0,0,0,0,0,0,0,0,0,0
262,0,1,0,0,1,0,1,0,1,0,0,1,1,0,0,0,0,0,1,0,1,1,1,1,1,0,1,0,0,0,0,0,0,0,0
263,0,1,0,0,1,0,1,0,1,0,0,1,1,0,0,0,0,0,1,0,1,1,1,1,1,0,1,0,1,0,0,1,0,0,0
264,1,1,0,0,1,0,0,1,1,0,0,1,1,0,0,0,0,1,1,0,1,0,0,1,1,0,1,0,1,1,0,1,0,0,0
265,1,1,0,0,1,0,0,1,1,0,0,1,1,0,0,0,0,1,1,0,1,0,0,1,1,0,1,0,1,1,0,1,0,0,0
266,1,1,0,0,0,1,0,1,0,0,0,1,1,0,0,0,0,1,1,0,1,0,0,1,1,1,1,0,1,1,0,1,0,0,0
267,1,1,0,1,1,1,0,1,0,0,0,1,1,0,0,0,0,1,1,0,1,0,0,1,0,1,1,1,1,1,0,1,1,0,0
268,1,1,0,1,1,1,0,1,0,1,0,1,1,0,0,0,0,1,1,0,1,0,0,1,0,1,1,1,1,1,0,0,1,0,1
269,1,1,0,1,1,1,0,1,0,1,1,1,1,0,0,0,0,1,1,0,1,1,0,1,0,1,1,1,1,1,0,0,1,0,1
270,1,1,1,1,1,1,0,1,1,1,1,1,1,0,0,0,0,1,1,0,1,1,0,1,0,1,1,1,1,1,1,0,1,1,1
271,1,1,1,1,1,1,0,1,1,1,1,1,1,0,0,1,1,1,1,0,1,1,0,1,0,1,1,1,1,1,1,0,1,1,1
272,1,1,1,1,1,1,0,1,0,1,1,1,1,0,1,1,1,1,1,0,1,1,0,1,1,1,1,1,1,1,1,0,1,1,1
273,1,1,1,1,1,1,0,1,0,1,1,1,1,1,1,0,1,1,1,0,1,1,0,1,1,1,1,1,1,1,1,0,1,1,1
274,1,1,1,1,1,1,0,1,0,1,1,1,1,1,1,0,1,1,1,1,1,1,1,1,1,1,1,1,1,1,1,0,1,1,1
275,1,1,1,1,1,1,1,1,0,1,1,1,1,1,1,0,1,1,1,1,1,1,1,1,1,1,1,1,1,1,1,1,1,1,1
276,1,1,1,1,1,1,1,1,1,1,1,1,1,1,1,1,1,1,1,1,1,1,1,1,1,1,1,1,0,1,1,1,1,1,1
277,1,1,1,1,1,1,0,1,1,0,1,1,0,1,1,1,1,1,1,1,1,1,1,1,1,1,1,1,0,1,1,1,1,1,1
278,1,1,1,1,1,1,0,1,1,0,1,1,0,1,1,1,1,1,1,1,1,1,1,1,1,0,1,1,1,1,1,1,1,1,1
279,1,1,1,1,1,1,0,1,1,0,0,1,0,0,1,1,1,1,1,1,1,0,1,1,1,0,1,1,1,1,1,1,1,0,1
280,1,1,1,1,1,1,0,1,1,0,0,1,0,0,1,1,1,1,1,0,1,0,1,1,1,0,1,1,0,1,0,0,1,0,1
281,0,1,0,0,1,0,1,0,0,0,0,0,0,0,0,0,0,0,0,0,0,1,0,0,0,0,0,0,0,0,0,0,0,0,0
282,0,1,0,0,1,0,1,0,0,0,0,0,1,0,0,0,0,0,1,0,0,1,1,1,0,0,0,0,0,0,0,0,0,0,0
283,0,1,0,0,1,0,1,0,0,0,0,0,1,0,0,0,0,0,1,0,1,0,1,1,1,0,0,0,0,0,0,1,0,0,0
284,0,1,0,0,1,0,1,0,1,0,0,1,1,0,0,0,0,0,1,0,1,1,1,1,1,0,0,0,0,0,0,1,0,0,0
285,1,1,0,0,1,0,1,1,1,0,0,1,1,0,0,0,0,0,1,0,1,1,1,1,1,0,0,0,0,0,0,1,0,0,0
286,1,1,0,0,1,0,1,1,1,0,0,1,1,0,0,0,0,1,1,0,1,1,1,1,1,0,0,0,0,0,0,1,0,0,0
287,1,1,0,0,1,0,1,1,1,0,0,1,1,0,0,0,0,1,1,0,1,1,1,1,1,0,1,0,1,1,0,1,1,0,0
288,1,1,0,0,1,1,1,1,1,0,0,1,1,0,0,0,0,1,1,0,1,1,1,1,1,1,1,0,1,1,0,1,1,0,0
289,1,1,0,0,1,1,1,1,1,0,0,1,1,0,0,0,0,1,1,0,1,1,1,1,1,1,1,0,1,1,0,1,1,0,1
290,1,1,0,1,1,1,1,1,1,0,0,1,1,0,0,0,0,1,1,0,1,1,1,1,1,1,1,0,1,1,0,1,1,0,1
291,1,1,0,1,1,1,1,1,1,1,1,1,0,0,0,0,0,1,1,0,1,1,1,1,1,1,1,1,1,1,0,1,1,0,1
292,1,1,0,1,1,1,1,1,1,1,1,1,0,0,0,1,1,1,1,0,1,1,1,1,1,1,1,1,1,1,0,1,1,0,1
293,1,1,1,1,1,1,1,1,1,1,1,1,0,0,0,0,1,1,1,0,1,0,1,1,1,1,1,1,1,1,0,1,1,0,1
294,1,1,1,1,1,1,1,1,1,1,1,1,1,0,1,0,1,1,1,0,1,0,1,1,1,1,1,1,1,1,1,1,1,1,1
295,1,1,1,1,1,1,1,1,1,1,1,1,1,1,1,0,0,1,1,1,1,0,1,1,1,1,1,1,1,1,1,1,1,1,1
296,1,1,1,1,1,1,1,1,1,1,1,1,0,1,1,0,0,1,1,1,1,0,1,1,1,1,1,1,1,1,1,1,1,1,1
297,1,1,1,1,1,1,1,1,1,1,1,1,0,1,1,0,0,1,1,1,1,0,1,1,1,1,1,1,1,1,1,1,1,1,1
298,1,1,1,1,0,1,1,1,1,1,1,1,0,1,1,0,0,1,1,1,1,0,0,1,1,1,1,1,1,1,1,1,1,1,1
299,1,1,1,1,0,1,1,1,1,1,1,1,0,1,1,0,0,1,1,1,1,0,0,1,0,1,1,1,1,1,1,1,1,1,1
300,0,1,1,1,0,1,0,1,1,1,1,1,0,1,1,0,0,1,1,1,1,0,0,1,0,1,1,1,1,1,1,0,1,1,1
301,0,0,0,0,0,0,0,0,0,0,0,0,1,0,0,0,0,0,0,0,0,1,0,0,0,0,0,0,0,0,0,0,0,0,0
302,0,0,0,0,1,0,1,0,0,0,0,0,1,0,0,0,0,0,0,0,0,1,0,1,0,0,0,0,0,0,0,0,0,0,0
303,0,0,0,0,1,0,1,0,0,0,0,0,1,0,0,0,0,0,1,0,0,1,1,1,0,0,0,0,0,0,0,0,0,0,0
304,0,0,0,0,1,0,1,0,1,0,0,0,1,0,0,0,0,0,1,0,0,1,1,1,1,0,0,0,0,0,0,0,0,0,0
305,0,0,0,0,1,0,1,0,1,0,0,0,1,0,0,0,0,0,1,0,1,1,1,1,1,0,0,0,0,0,0,1,0,0,0
306,1,0,0,0,1,0,1,0,1,0,0,1,1,0,0,0,0,0,1,0,1,1,1,1,1,0,0,0,0,0,0,1,0,0,0
307,1,0,0,0,1,0,1,1,1,0,0,1,0,0,0,0,0,0,1,0,1,1,1,1,1,0,0,0,0,0,0,1,0,0,0
308,1,0,0,0,1,0,1,1,1,0,0,1,0,0,0,0,0,0,1,0,1,1,1,1,1,0,0,0,0,0,0,1,0,0,0
309,1,0,0,0,1,0,1,1,1,0,0,1,0,0,0,0,0,0,1,0,1,1,1,1,1,0,0,0,0,0,0,1,1,0,0
310,1,0,0,1,1,0,1,1,1,0,0,1,0,0,0,0,0,1,1,0,1,0,1,1,1,0,0,0,0,1,0,1,1,0,1
311,1,0,0,1,1,0,1,1,1,1,0,1,0,0,0,0,0,1,1,0,1,1,1,1,1,1,0,0,0,1,0,1,1,0,1
312,1,0,0,1,1,0,1,1,1,1,0,1,0,0,0,1,1,1,1,0,1,1,1,1,1,1,0,1,0,0,0,1,1,0,1
313,1,0,1,1,0,0,1,1,1,1,1,1,1,0,0,1,1,1,1,0,1,0,1,1,1,1,1,1,0,0,0,1,1,0,1
314,1,0,1,1,0,1,1,1,1,0,1,1,1,0,1,0,1,1,1,0,1,0,1,1,1,1,1,0,0,0,1,1,1,0,1
315,1,1,1,1,0,1,1,1,1,1,1,1,0,0,0,0,0,1,1,0,1,0,1,1,1,1,1,0,0,0,1,1,1,0,1
316,1,1,1,1,0,1,1,1,1,1,1,1,0,0,0,0,0,1,1,0,0,0,0,1,0,1,1,0,0,0,0,1,1,1,1
317,1,1,1,1,0,1,1,1,1,1,1,1,0,1,1,0,0,1,1,1,0,0,0,1,1,1,1,0,1,0,0,1,1,1,1
318,0,1,1,1,0,1,1,1,1,1,1,1,0,1,1,0,0,1,1,1,0,0,0,1,1,1,1,0,1,0,1,1,1,1,1
319,0,1,1,1,0,1,1,1,1,1,1,1,0,1,1,0,0,1,1,1,0,0,0,1,1,1,1,0,1,0,1,0,1,1,1
320,0,1,1,1,0,1,1,1,1,1,1,1,0,1,1,0,0,1,1,1,0,0,0,1,0,1,1,1,1,0,1,0,1,1,1
